Email Id,Prefix,Name,Birth Date,Phone Number,Additional Email Id,Address,Zip Code,City,State,Country,Year,Time,Link,Text
Taylor.Wood@testDomain.com,Mx.,Mark Miller,09-10-1979,(0121) 496 0175,smithalicia@example.com,"056 Jacqueline Isle Suite 157
Lisaport, NJ 52861",72350,New Jessicaport,Washington,Bahamas,2019,01:04:23,http://hill-ramirez.com/,several
Miguel.Alvarado@testDomain.com,Mx.,Christopher Henry,27-10-1971,+44(0)121 4960399,kimberlymiller@example.org,"271 Anderson Station
North Michael, AL 76861",19014,South William,Utah,France,2003,13:40:26,https://www.carter.com/,property
Sarah.Maddox@testDomain.com,Mrs.,Alexandria Weiss,26-10-1992,0808 1570110,nathanrodgers@example.com,"49272 Gordon Square Suite 642
Duranborough, MP 67070",55584,Nicholsland,Montana,Somalia,2012,21:27:57,http://benjamin.com/,say
Juan.Hoffman@testDomain.com,Mrs.,Joanna Roberts,06-04-1987,0808 1570920,andreaaguirre@example.org,"PSC 2158, Box 0412
APO AP 21991",01333,Lake Austinport,Michigan,Saint Lucia,1991,10:56:13,http://www.cunningham.com/,approach
Joseph.Olson@testDomain.com,Mx.,Sandra Ellis,05-10-1974,0115 4960764,karendougherty@example.net,"630 Patterson Spur Suite 369
East Kenneth, VI 75948",34569,Roberttown,Rhode Island,Brunei Darussalam,1976,13:24:38,http://www.green.biz/,fly
Jill.Winters@testDomain.com,Mx.,Madison Lloyd,15-01-1973,09098790686,joshuajohnson@example.org,"760 Jordan Squares
South Jerry, DE 48307",14310,Lake Juliemouth,Montana,Andorra,2012,08:39:26,http://www.stevens.com/,manage
Laura.Russell@testDomain.com,Mx.,Shawn Lopez,17-12-1985,01514960724,brianortega@example.net,"66017 Dustin Club Apt. 718
Richardmouth, WI 41244",32765,North Barbara,Vermont,Georgia,1999,19:13:10,https://www.rodriguez-ryan.com/,we
Jeremy.Davis@testDomain.com,Mr.,Jeanette Bennett,08-10-1976,+44292018511,bcox@example.net,"8605 Erica Extensions Suite 026
Robertaport, OK 48497",18154,West Lauraville,Kentucky,British Indian Ocean Territory (Chagos Archipelago),2002,01:37:04,http://www.hammond-ray.biz/,leader
Christopher.Cooper@testDomain.com,Mr.,Kenneth Clark,03-07-1992,+4428 9018404,katie49@example.com,"0404 Andrews Throughway
Port Taraside, AK 27100",92930,Lake Wesleymouth,Alaska,Faroe Islands,2006,12:22:03,http://www.wilson.biz/,example
Benjamin.Gonzalez@testDomain.com,Mr.,Linda Liu,18-04-1988,+44117 496 0740,ujohnson@example.net,"USNV Jackson
FPO AE 04556",11267,Fergusonville,Kansas,Burkina Faso,2001,16:49:50,https://www.tran-clark.com/,alone
Rebecca.Lucero@testDomain.com,Mrs.,Brian Fletcher,31-12-1990,+44306 9990548,sheila62@example.com,"2038 Kevin Pines Suite 292
Birdborough, KS 71982",48220,Loriberg,New Hampshire,Haiti,1985,04:26:57,http://www.long.com/,only
Spencer.Baker@testDomain.com,Mx.,Lee Mckay,30-01-1987,(0118)4960286,david96@example.org,"1650 Moore Station
West Codyfort, HI 28572",34317,South Jordanhaven,Vermont,Australia,2000,12:15:31,http://allen-combs.org/,here
Joanna.Riley@testDomain.com,Mrs.,Angie House,10-09-1984,+44(0)131 496 0180,hbutler@example.net,"055 David Plaza
Nguyenfurt, ND 44612",92005,North Jerrymouth,Colorado,Argentina,2012,19:09:05,http://adams.info/,president
Rebecca.Kelley@testDomain.com,Dr.,Laura Morgan,28-05-1991,+44141 4960554,njimenez@example.net,"71279 Carla Estates
West Sherry, MA 30525",86679,North Glenn,Indiana,India,2000,00:40:18,https://www.jones-thompson.biz/,race
Cody.Short@testDomain.com,Mrs.,Andrew Villarreal,26-09-1983,(0808) 157 0131,yolandagonzalez@example.org,"USS Petersen
FPO AE 25829",22239,Kimview,New York,Burundi,1999,23:30:23,http://www.faulkner.net/,above
Stephanie.Glass@testDomain.com,Dr.,Troy Sanchez,01-02-1985,(0113)4960736,dwong@example.org,"72515 Johnson Manors
East Kendra, OR 58368",38083,Port Cynthia,Wyoming,United Arab Emirates,2018,14:40:12,http://www.roberts-gonzales.net/,way
Wanda.Nicholson@testDomain.com,Mx.,Susan Ingram,20-12-1989,0121 496 0966,matthewcruz@example.org,"4170 Amanda Alley Apt. 548
Huffbury, GU 32877",10269,Chaseland,Connecticut,Norway,1978,06:50:43,https://cortez-calderon.info/,five
Jason.Francis@testDomain.com,Mrs.,Jorge Collins,10-12-1972,+44(0)116 4960179,morganmatthew@example.org,"Unit 3366 Box 1229
DPO AA 49313",46221,Brownmouth,Massachusetts,Norway,1994,08:27:51,http://clark.com/,offer
Kevin.Brown@testDomain.com,Mr.,James Garcia,20-01-1971,+441414960698,mpowell@example.com,"5652 Gilbert Stravenue
Alvarezport, NC 32366",12856,Amandaview,Kentucky,United States Minor Outlying Islands,1975,06:47:29,https://www.kramer.com/,partner
Sarah.Jones@testDomain.com,Mrs.,Charles Miller,28-11-1990,+44(0)1134960459,jose99@example.net,"400 Kyle Gardens Suite 199
North Tracy, FL 66785",98074,Archerfort,Iowa,Myanmar,1975,20:00:34,https://hanson-arnold.biz/,nothing
Kimberly.Hale@testDomain.com,Mrs.,Rachel Jackson,14-12-1984,+448081570516,trevor43@example.com,"5280 Stephanie Keys
East Alyssaborough, OK 99553",77483,New Wendyberg,Missouri,Estonia,1983,23:43:33,http://www.mccormick-murphy.biz/,administration
Melissa.Marshall@testDomain.com,Mr.,Shannon Paul,22-08-1995,+44(0)29 2018275,michael98@example.net,"0950 Cruz Ports Apt. 059
East George, GA 79751",16035,Bryanburgh,New Mexico,Japan,2019,13:52:46,http://bennett-harrison.com/,single
David.Sullivan@testDomain.com,Dr.,Erica Moore,16-04-1974,+44808 157 0217,imills@example.net,"854 Howard Ramp
Lake Jenny, IA 08753",89757,South Meghanchester,South Carolina,Samoa,2007,06:29:11,https://www.cruz.com/,set
Kimberly.Jones@testDomain.com,Mrs.,Brenda Fletcher,04-11-1996,+44(0)121 496 0875,wattsluke@example.net,"97671 Christopher Expressway
Thomasborough, AK 16122",13317,Ruiztown,Hawaii,Bahrain,1977,03:44:17,http://wright-robinson.net/,sometimes
Amanda.Cruz@testDomain.com,Ms.,Dr. Victoria Gonzalez,10-12-1991,01184960046,jeremyhernandez@example.com,"5841 Turner Tunnel Apt. 047
Hawkinston, GU 95107",51708,East Susan,Texas,Canada,2010,14:15:53,http://www.crawford.com/,century
Adam.Hernandez@testDomain.com,Mx.,Bianca Paul,10-12-1981,(0161) 4960119,estevenson@example.com,"69767 Brown Port Apt. 146
Port Michael, AS 65682",29572,Micheleville,Colorado,Saint Pierre and Miquelon,2001,08:57:09,https://barrera-harper.org/,old
Mary.Powers@testDomain.com,Mrs.,Tiffany Matthews,07-10-1999,01632 960 590,orrkelly@example.net,"0622 Crystal Road Suite 388
North Bryan, GA 37179",99614,South Nathaniel,North Dakota,Nepal,1987,21:09:19,http://sullivan-sanders.com/,authority
Kara.Washington@testDomain.com,Mr.,Julie Pierce,18-06-1981,(029)2018423,ifreeman@example.net,"5176 Morris Center
New Deborahborough, KS 83728",43133,Camachoton,Washington,Cayman Islands,1970,09:29:17,http://www.campbell.biz/,build
Christian.Riggs@testDomain.com,Mx.,Lindsay Mitchell,22-05-1971,(0191) 4960033,trichard@example.com,"160 Mitchell Gardens
Dayborough, AS 77967",66746,South Alex,Colorado,Cyprus,2010,06:35:18,https://www.brown.com/,go
Felicia.Rivera@testDomain.com,Mr.,Ian Davis,03-01-1992,+44(0)161 4960717,myersbruce@example.com,"72224 Jackson Plains
Fletchermouth, PW 66538",76349,Andreashire,Arkansas,South Georgia and the South Sandwich Islands,1993,22:04:33,http://hamilton-leblanc.com/,crime
Heather.Torres@testDomain.com,Ind.,Angelica Jarvis,09-12-1973,01632960383,steven77@example.net,"530 Laura Lakes Apt. 479
Lake Jessicashire, MP 21331",98936,Lake David,Nebraska,United Arab Emirates,2008,20:35:53,http://lowe.com/,range
John.Beck@testDomain.com,Mr.,Melanie Harris,16-08-1996,+44292018250,aharrington@example.com,"389 Jeffrey Road Suite 344
Dianaview, OR 42766",41156,East Cynthia,Michigan,Dominica,2020,11:35:07,https://www.hansen.com/,nothing
Nathan.Swanson@testDomain.com,Mx.,Edward Perkins,09-12-1973,+44161 4960718,bryanlewis@example.net,"2086 Victoria Burg
Rhondaview, NE 85882",78412,Shermanmouth,Oregon,Argentina,2017,15:21:38,https://www.brown-farley.com/,system
Dana.Jones@testDomain.com,Mrs.,Cheyenne Smith,06-02-1999,+4428 9018796,thomasbrown@example.com,"64550 Curtis Causeway Suite 641
West Christinafort, OK 98348",70676,Richardchester,Minnesota,Timor-Leste,2016,08:05:47,http://shepherd.org/,down
Sharon.Price@testDomain.com,Dr.,Jamie Knight,15-10-1974,+44(0)118 496 0561,castillosusan@example.net,"8514 Scott Turnpike Suite 351
Stevenhaven, ND 39634",61783,New Lauraton,South Dakota,Bhutan,2006,10:16:06,https://www.white.biz/,actually
Eric.Dean@testDomain.com,Dr.,Benjamin Martinez,25-07-1972,+44(0)1414960764,christinadavis@example.org,"06886 Williamson Oval
Nolanville, AL 23839",21458,Freemanbury,Delaware,Indonesia,1993,01:43:24,https://www.aguilar.org/,moment
John.Fry@testDomain.com,Mrs.,Aaron Henderson,11-07-1978,020 74960007,vbrooks@example.org,"0260 Deborah Summit Apt. 246
Ericaborough, MP 84370",71992,Krystalmouth,Georgia,Macao,2003,00:33:54,http://frost.biz/,note
Nicholas.Walker@testDomain.com,Mr.,Jason Summers,03-05-1992,+441214960987,egarcia@example.com,"5399 Anthony Island Suite 583
North Summer, CO 93281",80433,Murraymouth,Virginia,Bouvet Island (Bouvetoya),2006,09:34:09,http://www.rogers.com/,nearly
Katie.Ryan@testDomain.com,Mr.,John Montgomery,07-06-1971,(0121) 4960769,vmartin@example.org,"5402 Samantha Divide Apt. 077
East Benjamin, CA 83035",81736,North Bethany,Hawaii,Holy See (Vatican City State),2008,10:33:55,http://alvarado-hancock.info/,nature
Julie.Summers@testDomain.com,Dr.,Kevin Mills,02-04-1978,+44(0)20 7496 0479,nbernard@example.org,"6312 Rebecca Villages
New Linda, MD 30009",78480,North Mariaberg,Vermont,Qatar,2007,12:47:51,http://davis-dillon.com/,our
Peter.Turner@testDomain.com,Ms.,Erin Johnson,25-07-1972,0808 1570757,laceyelliott@example.com,"4869 Charles Rue Apt. 360
Port Lauren, KS 55664",76502,Rodriguezburgh,Kansas,Burkina Faso,2001,12:28:07,https://www.blackwell.com/,environment
Tyler.Carroll@testDomain.com,Mx.,Barbara Dixon,31-12-1978,(0116)4960301,olsoncaroline@example.net,"038 Leah Throughway Suite 687
Port Margaretport, MT 40367",83003,Deborahville,North Carolina,Pitcairn Islands,1970,06:09:49,https://sandoval.biz/,others
Fred.Young@testDomain.com,Dr.,Gabriel Johnson,05-01-1983,(0909) 8790592,huntalan@example.com,"2482 Thomas Stravenue Suite 314
Lake Margaretmouth, SD 42523",03401,South Zachary,New Hampshire,Switzerland,1984,09:21:27,http://hayes-nguyen.com/,large
Juan.Smith@testDomain.com,Mx.,Pamela Johnson,16-01-1993,+44292018129,jessicamerritt@example.org,"00793 Ashley Spur
Johnburgh, FL 02838",28544,West Michaela,Idaho,Afghanistan,1979,15:59:37,http://nelson.com/,white
Ann.Lee@testDomain.com,Miss,Hayley Leblanc,02-10-1991,+442074960390,poncetimothy@example.org,"39006 Tony Island Suite 103
South Cheryl, VA 28046",72709,Port Isabel,West Virginia,Yemen,1977,12:04:00,http://wright.com/,law
Adam.Olson@testDomain.com,Mr.,Emily Gilmore,10-12-1978,+44(0)1614960337,seanjackson@example.com,"546 Brown Springs Suite 123
Marisamouth, MP 24872",38547,Cooleyborough,Rhode Island,Slovakia (Slovak Republic),1977,19:26:28,https://elliott-sampson.com/,mission
Dustin.Brown@testDomain.com,Dr.,Paul Wilson,04-02-1990,+44(0)909 879 0969,angelmoreno@example.net,"76476 Ellison Ways
Wilsonside, IN 87401",87068,Heatherburgh,Maryland,Slovenia,1974,22:16:47,https://www.benson.com/,nor
Jonathan.Johnson@testDomain.com,Mrs.,Andrew Harris,26-06-1970,+44(0)1632 960434,clintondelgado@example.com,"Unit 7087 Box 7267
DPO AP 85822",75082,Royberg,Arkansas,Djibouti,2008,23:35:32,https://anderson-harris.com/,vote
Megan.Moses@testDomain.com,Mrs.,Margaret Potts,11-02-1998,+44808 157 0626,jeffrey55@example.com,"15003 Miller Hills Suite 850
Lake Eric, KS 72501",96417,Morganview,Illinois,Aruba,2019,02:22:15,https://gomez.net/,value
Joshua.Miller@testDomain.com,Mrs.,Mitchell Murray,07-09-1990,+44(0)114 4960820,monicachapman@example.net,"682 Kennedy Junctions
West Amyport, RI 32708",76301,Moodychester,North Carolina,Ukraine,2021,14:07:52,http://anderson.com/,itself
Deborah.Goodwin@testDomain.com,Mr.,Nancy Hansen,03-10-1988,+441632 960119,wallacekenneth@example.org,"8366 Jeffrey Meadows Apt. 107
Ashleymouth, AS 64332",77770,Karenview,Georgia,Egypt,2009,17:00:49,http://www.wilson-jackson.com/,decision
Maurice.Morales@testDomain.com,Miss,Micheal Schultz,05-10-1989,+44116 496 0879,isaiahdavis@example.org,"7699 Hoffman Islands Suite 331
Trujilloburgh, KY 23606",63147,East Steven,Illinois,Liechtenstein,1984,07:56:22,http://lloyd.org/,generation
Lori.Prince@testDomain.com,Ms.,Mr. Andrew Black DDS,15-03-1996,+44(0)1314960098,yfrost@example.org,"179 Webb Mountain Apt. 015
Amyshire, VT 96460",30318,Marcstad,Pennsylvania,Luxembourg,2009,22:49:10,https://hughes-brown.com/,food
Janet.Snow@testDomain.com,Mx.,Alexander Mahoney,21-10-1974,+44808 157 0474,wangchristopher@example.net,"198 Rodney Roads
Reillyfurt, NY 73625",05891,Lake Christinaland,Illinois,Grenada,2012,09:19:56,http://martinez.com/,remain
Jesus.Garcia@testDomain.com,Ms.,Amber Booth,22-11-1979,+441314960041,stevensonkristin@example.org,"73447 Daisy Expressway Apt. 273
Bushborough, CT 71002",68883,Emilyfort,Wyoming,Vanuatu,1987,08:13:39,http://graves-brown.com/,among
Stephen.Kramer@testDomain.com,Mrs.,Tonya Atkins,27-07-1970,+44(0)1214960607,charlesgraves@example.com,"549 Brewer Mission
Port Andrewborough, ME 52355",13605,South Marytown,New Mexico,Cuba,2011,16:28:38,http://www.stevens-martinez.biz/,standard
Connie.Scott@testDomain.com,Miss,Anthony Goodman,06-02-1990,0117 4960945,adamhubbard@example.com,"150 Margaret Court Suite 553
East Billyport, MD 03364",06865,Ortizbury,Delaware,Sudan,2018,05:34:59,https://bowman.com/,loss
Daniel.Tran@testDomain.com,Mx.,Paula Ball,30-04-1996,+44(0)28 9018225,connor39@example.com,"0810 Corey Pine
Brockmouth, AL 21278",57289,Angelicatown,Washington,French Polynesia,2017,07:38:01,http://king.info/,take
Stephanie.Griffith@testDomain.com,Mx.,Angelica Andrews,30-06-1979,+44151 4960854,zgeorge@example.org,"6893 Katelyn Groves Apt. 153
Lake Markton, CO 06188",58075,New Michaelshire,Alabama,Kiribati,2010,01:09:47,http://www.ward.biz/,tough
Thomas.Hill@testDomain.com,Miss,Susan Robinson,06-05-1979,+44(0)8081570085,goodwinjill@example.org,"0130 Brown Ferry Suite 640
Lake Tommybury, TN 98574",03545,Timothyshire,Tennessee,Germany,2012,09:05:26,https://www.lopez-murphy.org/,great
Stacie.Shaw@testDomain.com,Misc.,Brett Smith,30-06-1997,09098790779,davisjennifer@example.com,"258 Brown Radial Suite 600
South Angelaborough, MP 21430",15939,Josephstad,California,Indonesia,2020,20:32:07,https://www.white.com/,want
Charles.Miller@testDomain.com,Mx.,Austin Underwood,14-09-1995,(0161) 496 0667,johnsontony@example.net,"908 Baker Key
New Craig, ID 88794",08237,Michaelport,New Hampshire,Andorra,2017,11:43:43,http://johnson-jones.com/,daughter
Mallory.Clark@testDomain.com,Mx.,Julie Lloyd,14-11-1987,(0116)4960897,scott73@example.net,"966 Cardenas Circle
North Marthatown, IA 65898",81529,Port Christineville,Massachusetts,Gibraltar,1981,04:06:16,http://coleman.com/,dinner
Bryan.Taylor@testDomain.com,Mx.,Maxwell Martinez,27-04-1995,+44(0)131 496 0489,raymondallen@example.org,"66491 Perry Mill Suite 774
New Tara, AS 38742",77334,Wilsonview,Massachusetts,Kyrgyz Republic,1992,04:37:23,http://contreras-fuller.com/,main
Matthew.Barron@testDomain.com,Ind.,Christopher Sanders,13-04-1999,+44(0)151 4960854,vicki12@example.net,"Unit 2797 Box 2339
DPO AA 54243",71425,West Cynthiahaven,Idaho,Niger,1994,21:08:39,https://holden.net/,his
Lisa.Edwards@testDomain.com,Mr.,Dr. Erika Martin,18-01-1990,+4420 7496 0111,dunnmaria@example.org,"USNS Martin
FPO AE 44381",20752,Thomasville,New Hampshire,Bhutan,1998,06:32:45,https://oliver.com/,ground
Phillip.Wiley@testDomain.com,Mr.,Marcus Jimenez,14-02-1992,+44(0)3069990892,johnbarnes@example.net,"6648 Russell Point
East Tracy, MH 82978",80616,New Michaelberg,Idaho,Estonia,1976,11:39:01,https://www.bell.com/,continue
Daniel.Hughes@testDomain.com,Misc.,Kimberly Farmer,08-08-1983,(0131)4960332,turnermarcus@example.com,"1422 Erin Fields Suite 583
Williamsberg, PA 19895",67781,North Nicholas,Minnesota,Kiribati,1991,00:50:11,http://www.paul-jones.com/,deep
Dana.Stephens@testDomain.com,Mr.,Stephanie Santiago,05-07-1980,(020) 74960305,mark29@example.org,"4063 Bradley Island
Marktown, NV 40067",50151,Port Mariahville,Montana,Greenland,1985,13:42:36,https://ramos.com/,order
Mary.Vasquez@testDomain.com,Mx.,Margaret Wood,09-08-1978,+44(0)141 496 0320,sthompson@example.com,"205 Roberson Viaduct Suite 067
Staceyfort, KS 06936",31226,Richside,Rhode Island,United States Minor Outlying Islands,2007,18:36:48,https://www.norris.com/,environmental
Edward.Hubbard@testDomain.com,Mrs.,Elizabeth Harris,12-01-1985,(020) 74960666,jonathanvance@example.org,"943 Harris Locks
North Samantha, CO 50099",19718,South Phillip,Pennsylvania,Honduras,2021,17:02:45,http://york.com/,management
Wanda.Horne@testDomain.com,Mr.,Michael Rollins,28-01-1995,0306 9990629,ericgreen@example.net,"836 Weaver Grove Apt. 345
Lake Ginaton, NM 24615",89277,North Michael,New Jersey,Maldives,2011,01:00:32,http://www.jones.com/,key
Brandon.Richardson@testDomain.com,Dr.,Rebecca Madden,20-04-1992,+44131 4960841,jonesangela@example.org,"13538 Nguyen Summit
Davidmouth, TN 51448",77995,West Thomastown,Oregon,Nauru,1981,14:59:49,http://ball-duran.com/,reveal
Morgan.Armstrong@testDomain.com,Mrs.,Curtis Powers,05-07-1978,+44(0)116 4960566,bobbycohen@example.net,"879 Donald Circles
North Johnbury, TX 86895",62994,Fisherstad,North Dakota,Afghanistan,1999,07:26:47,https://www.johnson.com/,discover
Debra.Jones@testDomain.com,Mx.,Cassandra Ortiz,27-08-1991,+44118 496 0467,ritterraven@example.com,"173 Patton Green
Suzanneton, NJ 76904",08036,New Steven,Washington,Czech Republic,1978,12:46:16,https://www.white.com/,note
John.Johnston@testDomain.com,Mrs.,Gregory Wheeler,16-03-1997,+4428 9018 0971,jonesjacqueline@example.org,"0250 David Extensions Suite 877
New Patricia, IA 90078",58318,Hunterport,Washington,Mali,1983,19:33:08,http://www.sanders-burns.com/,contain
Dustin.Martinez@testDomain.com,Mrs.,Marco Vargas,23-05-1977,0131 496 0428,martha80@example.net,"1103 David Roads
East Robertoborough, WY 65951",29001,South Derek,Rhode Island,United Kingdom,1981,09:00:09,http://wilson-lane.net/,anyone
Billy.Bennett@testDomain.com,Mx.,Patricia Cooper,17-04-1983,+44(0)8081570496,yshepard@example.net,"3405 Robbins Dale Apt. 595
Port Bobberg, HI 04046",11197,Allenburgh,Wisconsin,Saint Kitts and Nevis,1980,07:46:32,http://www.stewart-mills.info/,last
Melissa.Watson@testDomain.com,Mr.,George Washington,19-06-1995,(0191)4960291,jamesraymond@example.org,"56526 Carla Neck Suite 625
Haleshire, IA 90673",82717,Lake Peggy,North Carolina,Benin,1973,00:50:46,https://www.cameron.com/,building
Bradley.Lambert@testDomain.com,Mx.,Robert Gonzalez,13-08-1978,+44(0)1632960761,zcolon@example.net,"174 Moore Camp Apt. 706
Lake Samuelburgh, GU 64710",02326,New Cassandra,Nevada,Spain,2015,00:49:17,http://porter-watson.org/,green
Hector.Mitchell@testDomain.com,Mx.,Laura Rice,13-04-1997,+44(0)121 4960541,caleb45@example.net,"09854 Stevenson Throughway
New Georgetown, OH 85580",23156,Rebeccahaven,West Virginia,British Virgin Islands,1981,19:25:01,http://vance-rice.com/,never
Barbara.Banks@testDomain.com,Mr.,Charlene Walker,11-09-1986,(0116)4960451,ryanmegan@example.net,"23772 Reynolds Forest Apt. 060
New Gregory, AK 67220",29074,Stevehaven,Montana,Norway,1983,08:32:54,http://www.ballard-cobb.net/,let
Sara.Wright@testDomain.com,Mx.,Daniel Jones,08-01-1991,+44114 4960843,jodi95@example.net,"4469 Lamb Motorway
Port Nathanberg, FM 15320",02342,Williamsborough,Kentucky,Sao Tome and Principe,1990,12:08:00,http://anderson.net/,young
Daniel.Ruiz@testDomain.com,Mx.,Matthew Jordan,27-10-1988,020 7946 0320,washingtonlinda@example.org,"PSC 6593, Box 9619
APO AA 52424",22559,Reneechester,North Dakota,Dominica,1980,03:38:52,https://www.hernandez-porter.com/,writer
Theresa.Hess@testDomain.com,Dr.,Angela Riggs,16-02-1970,(0115) 4960288,fortiz@example.org,"875 Schultz Gateway Suite 563
Ramosport, NE 24341",04028,Alejandroview,Georgia,Czech Republic,2005,04:32:44,https://kirby.com/,trip
Stephen.Pittman@testDomain.com,Mx.,Sarah Smith,17-09-1982,+441144960041,sthomas@example.org,"374 John Mill
Martinton, MD 75565",90228,New Lisa,Georgia,Eritrea,1996,03:37:49,http://brown.net/,cultural
Sandra.Willis@testDomain.com,Ms.,Stephanie Gonzalez,16-06-1970,+44(0)1632 960 135,bwagner@example.org,"73636 Schneider Lakes
Dunnmouth, WI 25043",04236,Williamsonborough,Illinois,Cayman Islands,2001,08:02:09,http://www.downs.net/,growth
Rebecca.Turner@testDomain.com,Mr.,Dylan Macias,23-03-1981,+44(0)118 496 0369,amy99@example.org,"256 David Locks Suite 937
East Robin, OH 88098",68909,Mosschester,Washington,Costa Rica,1985,19:27:56,https://schwartz.com/,war
Jennifer.Sherman@testDomain.com,Mx.,Carol Taylor,23-03-1979,(0161)4960290,tracijohnson@example.com,"75547 Keller Shore
Lake Ruth, OH 26628",67312,New Debra,New Mexico,Reunion,1991,21:23:54,https://www.price-williams.com/,how
Jacqueline.Murray@testDomain.com,Mr.,Linda Mathews,05-11-1977,+44(0)8081570387,colemandawn@example.net,"51506 Holly Path Apt. 147
North Rebeccamouth, MA 01465",40855,Obrienstad,Washington,Finland,1980,05:01:52,http://www.hancock.com/,guess
Amanda.Cook@testDomain.com,Mrs.,Paul Wilson,17-02-1982,+44121 4960911,lewisdavid@example.com,"506 Summers Island
West Wayne, CT 06806",18720,Samanthafurt,Iowa,Sri Lanka,2017,12:41:16,https://williams-hendricks.info/,green
Jessica.Kim@testDomain.com,Mr.,Kelly Hodge,20-10-1991,028 9018 0361,blawson@example.org,"8770 Paige Creek Suite 434
Heatherfort, DC 26644",12094,West Lisa,Arizona,Liberia,1989,12:33:48,http://moreno.info/,fall
Karen.Bentley@testDomain.com,Mrs.,Mr. Joshua Watson,25-08-1973,0161 496 0010,abailey@example.net,"50276 Smith Well
East Bryanfort, MA 74953",42758,Nguyenfort,Nevada,Benin,1992,23:57:38,https://allen.net/,want
Ruben.Khan@testDomain.com,Dr.,Benjamin Peterson,26-04-1976,+44(0)29 2018 0892,burtonrhonda@example.org,"5795 Monica Lakes
East Matthew, IN 11321",41178,East Keithberg,Michigan,Hungary,1988,16:06:33,http://sullivan.com/,could
Erica.Meyer@testDomain.com,Ind.,Monica Chaney,03-05-1989,+44131 496 0015,leekristina@example.org,"707 Daryl Avenue
Port Linda, VT 29385",64777,Williamfort,Tennessee,Mexico,2007,07:11:57,https://www.gordon.org/,customer
Morgan.Williams@testDomain.com,Mrs.,Matthew Cruz,30-04-1976,+44(0)118 4960273,lortiz@example.com,"45763 Munoz Garden
Delacruzshire, DE 24885",65425,Sarahside,Iowa,Tonga,2015,23:53:51,http://allen.com/,us
Steven.Brown@testDomain.com,Miss,Jason Rodriguez,18-08-1978,(0121)4960493,ocarter@example.net,"15255 Deborah Fall
Williamsport, NC 88002",19284,Martinezport,Virginia,Armenia,1992,16:27:31,https://www.thomas-proctor.org/,reason
Ashley.Anderson@testDomain.com,Mx.,Jeffery Thomas,23-08-1991,(0151) 496 0126,denise31@example.org,"51975 Jason Cliff Suite 379
Stephenfurt, MN 88098",67428,North Laura,Texas,Martinique,1985,22:54:09,http://espinoza.com/,think
Isaiah.Rivera@testDomain.com,Mx.,Chad Brown,15-03-1980,0113 4960014,sextonalexandra@example.net,"302 Williams Terrace
Lake Brian, AR 48387",60904,Lake Lori,Kansas,Pakistan,1984,19:46:33,http://www.collins.com/,staff
Oscar.Lester@testDomain.com,Mr.,Emily Cline,16-09-1994,+44(0)8081570673,elliottdeborah@example.com,"45013 Andrea Streets Suite 045
North Tiffanymouth, SC 95498",73750,Lake Jonathan,Alaska,Macedonia,1983,08:50:23,http://www.dean-lin.org/,daughter
